"GEO_ID","NAME","P001001","P001002","P001003","P001004","P001005","P001006","P001007","P001008","P001009","P001010","P001011","P001012","P001013","P001014","P001015","P001016","P001017","P001018","P001019","P001020","P001021","P001022","P001023","P001024","P001025","P001026","P001027","P001028","P001029","P001030","P001031","P001032","P001033","P001034","P001035","P001036","P001037","P001038","P001039","P001040","P001041","P001042","P001043","P001044","P001045","P001046","P001047","P001048","P001049","P001050","P001051","P001052","P001053","P001054","P001055","P001056","P001057","P001058","P001059","P001060","P001061","P001062","P001063","P001064","P001065","P001066","P001067","P001068","P001069","P001070","P001071"
"id","Geographic Area Name","Total","Total!!Population of one race","Total!!Population of one race!!White alone","Total!!Population of one race!!Black or African American alone","Total!!Population of one race!!American Indian and Alaska Native alone","Total!!Population of one race!!Asian alone","Total!!Population of one race!!Native Hawaiian and Other Pacific Islander alone","Total!!Population of one race!!Some Other Race alone","Total!!Two or More Races","Total!!Two or More Races!!Population of two races","Total!!Two or More Races!!Population of two races!!White; Black or African American","Total!!Two or More Races!!Population of two races!!White; American Indian and Alaska Native","Total!!Two or More Races!!Population of two races!!White; Asian","Total!!Two or More Races!!Population of two races!!White; Native Hawaiian and Other Pacific Islander","Total!!Two or More Races!!Population of two races!!White; Some Other Race","Total!!Two or More Races!!Population of two races!!Black or African American; American Indian and Alaska Native","Total!!Two or More Races!!Population of two races!!Black or African American; Asian","Total!!Two or More Races!!Population of two races!!Black or African American; Native Hawaiian and Other Pacific Islander","Total!!Two or More Races!!Population of two races!!Black or African American; Some Other Race","Total!!Two or More Races!!Population of two races!!American Indian and Alaska Native; Asian","Total!!Two or More Races!!Population of two races!!American Indian and Alaska Native; Native Hawaiian and Other Pacific Islander","Total!!Two or More Races!!Population of two races!!American Indian and Alaska Native; Some Other Race","Total!!Two or More Races!!Population of two races!!Asian; Native Hawaiian and Other Pacific Islander","Total!!Two or More Races!!Population of two races!!Asian; Some Other Race","Total!!Two or More Races!!Population of two races!!Native Hawaiian and Other Pacific Islander; Some Other Race","Total!!Two or More Races!!Population of three races","Total!!Two or More Races!!Population of three races!!White; Black or African American; American Indian and Alaska Native","Total!!Two or More Races!!Population of three races!!White; Black or African American; Asian","Total!!Two or More Races!!Population of three races!!White; Black or African American; Native Hawaiian and Other Pacific Islander","Total!!Two or More Races!!Population of three races!!White; Black or African American; Some Other Race","Total!!Two or More Races!!Population of three races!!White; American Indian and Alaska Native; Asian","Total!!Two or More Races!!Population of three races!!White; American Indian and Alaska Native; Native Hawaiian and Other Pacific Islander","Total!!Two or More Races!!Population of three races!!White; American Indian and Alaska Native; Some Other Race","Total!!Two or More Races!!Population of three races!!White; Asian; Native Hawaiian and Other Pacific Islander","Total!!Two or More Races!!Population of three races!!White; Asian; Some Other Race","Total!!Two or More Races!!Population of three races!!White; Native Hawaiian and Other Pacific Islander; Some Other Race","Total!!Two or More Races!!Population of three races!!Black or African American; American Indian and Alaska Native; Asian","Total!!Two or More Races!!Population of three races!!Black or African American; American Indian and Alaska Native; Native Hawaiian and Other Pacific Islander","Total!!Two or More Races!!Population of three races!!Black or African American; American Indian and Alaska Native; Some Other Race","Total!!Two or More Races!!Population of three races!!Black or African American; Asian; Native Hawaiian and Other Pacific Islander","Total!!Two or More Races!!Population of three races!!Black or African American; Asian; Some Other Race","Total!!Two or More Races!!Population of three races!!Black or African American; Native Hawaiian and Other Pacific Islander; Some Other Race","Total!!Two or More Races!!Population of three races!!American Indian and Alaska Native; Asian; Native Hawaiian and Other Pacific Islander","Total!!Two or More Races!!Population of three races!!American Indian and Alaska Native; Asian; Some Other Race","Total!!Two or More Races!!Population of three races!!American Indian and Alaska Native; Native Hawaiian and Other Pacific Islander; Some Other Race","Total!!Two or More Races!!Population of three races!!Asian; Native Hawaiian and Other Pacific Islander; Some Other Race","Total!!Two or More Races!!Population of four races","Total!!Two or More Races!!Population of four races!!White; Black or African American; American Indian and Alaska Native; Asian","Total!!Two or More Races!!Population of four races!!White; Black or African American; American Indian and Alaska Native; Native Hawaiian and Other Pacific Islander","Total!!Two or More Races!!Population of four races!!White; Black or African American; American Indian and Alaska Native; Some Other Race","Total!!Two or More Races!!Population of four races!!White; Black or African American; Asian; Native Hawaiian and Other Pacific Islander","Total!!Two or More Races!!Population of four races!!White; Black or African American; Asian; Some Other Race","Total!!Two or More Races!!Population of four races!!White; Black or African American; Native Hawaiian and Other Pacific Islander; Some Other Race","Total!!Two or More Races!!Population of four races!!White; American Indian and Alaska Native; Asian; Native Hawaiian and Other Pacific Islander","Total!!Two or More Races!!Population of four races!!White; American Indian and Alaska Native; Asian; Some Other Race","Total!!Two or More Races!!Population of four races!!White; American Indian and Alaska Native; Native Hawaiian and Other Pacific Islander; Some Other Race","Total!!Two or More Races!!Population of four races!!White; Asian; Native Hawaiian and Other Pacific Islander; Some Other Race","Total!!Two or More Races!!Population of four races!!Black or African American; American Indian and Alaska Native; Asian; Native Hawaiian and Other Pacific Islander","Total!!Two or More Races!!Population of four races!!Black or African American; American Indian and Alaska Native; Asian; Some Other Race","Total!!Two or More Races!!Population of four races!!Black or African American; American Indian and Alaska Native; Native Hawaiian and Other Pacific Islander; Some Other Race","Total!!Two or More Races!!Population of four races!!Black or African American; Asian; Native Hawaiian and Other Pacific Islander; Some Other Race","Total!!Two or More Races!!Population of four races!!American Indian and Alaska Native; Asian; Native Hawaiian and Other Pacific Islander; Some Other Race","Total!!Two or More Races!!Population of five races","Total!!Two or More Races!!Population of five races!!White; Black or African American; American Indian and Alaska Native; Asian; Native Hawaiian and Other Pacific Islander","Total!!Two or More Races!!Population of five races!!White; Black or African American; American Indian and Alaska Native; Asian; Some Other Race","Total!!Two or More Races!!Population of five races!!White; Black or African American; American Indian and Alaska Native; Native Hawaiian and Other Pacific Islander; Some Other Race","Total!!Two or More Races!!Population of five races!!White; Black or African American; Asian; Native Hawaiian and Other Pacific Islander; Some Other Race","Total!!Two or More Races!!Population of five races!!White; American Indian and Alaska Native; Asian; Native Hawaiian and Other Pacific Islander; Some Other Race","Total!!Two or More Races!!Population of five races!!Black or African American; American Indian and Alaska Native; Asian; Native Hawaiian and Other Pacific Islander; Some Other Race","Total!!Two or More Races!!Population of six races","Total!!Two or More Races!!Population of six races!!White; Black or African American; American Indian and Alaska Native; Asian; Native Hawaiian and Other Pacific Islander; Some Other Race"
"1400000US29510101100","Census Tract 1011, St. Louis city, Missouri","2600","2539","2284","87","20","120","0","28","61","58","23","15","12","0","6","2","0","0","0","0","0","0","0","0","0","3","1","1","0","0","0","0","1","0","0","0","0","0","0","0","0","0","0","0","0","0","0","0","0","0","0","0","0","0","0","0","0","0","0","0","0","0","0","0","0","0","0","0","0","0","0"
"1400000US29510101200","Census Tract 1012, St. Louis city, Missouri","3100","3049","2779","98","6","140","0","26","51","46","16","7","16","5","1","0","0","0","0","0","0","0","0","1","0","5","4","0","0","0","0","0","0","1","0","0","0","0","0","0","0","0","0","0","0","0","0","0","0","0","0","0","0","0","0","0","0","0","0","0","0","0","0","0","0","0","0","0","0","0","0"
"1400000US29510101300","Census Tract 1013, St. Louis city, Missouri","4336","4231","3692","373","6","76","1","83","105","100","31","20","22","6","16","1","3","0","0","0","0","0","0","0","1","5","3","1","0","1","0","0","0","0","0","0","0","0","0","0","0","0","0","0","0","0","0","0","0","0","0","0","0","0","0","0","0","0","0","0","0","0","0","0","0","0","0","0","0","0","0"
"1400000US29510101400","Census Tract 1014, St. Louis city, Missouri","2703","2603","1749","694","29","44","1","86","100","88","45","10","7","1","5","11","1","1","5","0","0","2","0","0","0","12","2","5","1","0","0","0","4","0","0","0","0","0","0","0","0","0","0","0","0","0","0","0","0","0","0","0","0","0","0","0","0","0","0","0","0","0","0","0","0","0","0","0","0","0","0"
"1400000US29510101500","Census Tract 1015, St. Louis city, Missouri","3126","2996","1960","945","23","30","0","38","130","123","71","21","12","2","6","5","3","0","1","1","0","0","0","1","0","7","0","0","0","4","0","0","1","2","0","0","0","0","0","0","0","0","0","0","0","0","0","0","0","0","0","0","0","0","0","0","0","0","0","0","0","0","0","0","0","0","0","0","0","0","0"
"1400000US29510101800","Census Tract 1018, St. Louis city, Missouri","3092","2973","1977","853","12","32","1","98","119","107","41","23","9","0","12","9","0","0","8","0","1","1","3","0","0","12","8","0","0","1","0","0","0","3","0","0","0","0","0","0","0","0","0","0","0","0","0","0","0","0","0","0","0","0","0","0","0","0","0","0","0","0","0","0","0","0","0","0","0","0","0"
"1400000US29510102100","Census Tract 1021, St. Louis city, Missouri","2780","2731","2512","153","12","37","1","16","49","44","12","15","7","1","3","1","2","0","2","0","0","0","0","1","0","5","2","1","0","0","0","0","0","0","0","0","0","0","2","0","0","0","0","0","0","0","0","0","0","0","0","0","0","0","0","0","0","0","0","0","0","0","0","0","0","0","0","0","0","0","0"
"1400000US29510102200","Census Tract 1022, St. Louis city, Missouri","6028","5935","5701","136","8","65","1","24","93","88","33","16","21","3","10","0","0","0","0","4","0","0","0","1","0","5","1","0","0","2","0","0","0","0","0","0","1","0","0","1","0","0","0","0","0","0","0","0","0","0","0","0","0","0","0","0","0","0","0","0","0","0","0","0","0","0","0","0","0","0","0"
"1400000US29510102300","Census Tract 1023, St. Louis city, Missouri","1846","1815","1701","50","1","49","0","14","31","31","15","3","10","0","1","1","0","0","1","0","0","0","0","0","0","0","0","0","0","0","0","0","0","0","0","0","0","0","0","0","0","0","0","0","0","0","0","0","0","0","0","0","0","0","0","0","0","0","0","0","0","0","0","0","0","0","0","0","0","0","0"
"1400000US29510102400","Census Tract 1024, St. Louis city, Missouri","2478","2407","2120","210","11","31","0","35","71","70","17","12","28","4","5","2","0","0","1","0","0","0","1","0","0","1","0","0","0","0","1","0","0","0","0","0","0","0","0","0","0","0","0","0","0","0","0","0","0","0","0","0","0","0","0","0","0","0","0","0","0","0","0","0","0","0","0","0","0","0","0"
"1400000US29510102500","Census Tract 1025, St. Louis city, Missouri","1918","1870","1722","106","6","21","1","14","48","47","16","10","10","3","2","2","0","0","0","0","0","0","3","1","0","0","0","0","0","0","0","0","0","0","0","0","0","0","0","0","0","0","0","0","0","0","0","0","0","0","0","0","0","0","0","0","0","0","0","0","0","0","0","0","0","0","0","0","0","1","1"
"1400000US29510103100","Census Tract 1031, St. Louis city, Missouri","3299","3242","2924","218","8","46","1","45","57","54","28","6","8","1","4","2","1","0","3","0","0","0","0","1","0","3","2","0","0","1","0","0","0","0","0","0","0","0","0","0","0","0","0","0","0","0","0","0","0","0","0","0","0","0","0","0","0","0","0","0","0","0","0","0","0","0","0","0","0","0","0"
"1400000US29510103400","Census Tract 1034, St. Louis city, Missouri","1968","1928","1831","56","6","16","2","17","40","38","21","6","7","1","2","0","0","0","0","0","0","0","0","1","0","2","0","0","0","0","1","0","0","0","0","0","0","0","1","0","0","0","0","0","0","0","0","0","0","0","0","0","0","0","0","0","0","0","0","0","0","0","0","0","0","0","0","0","0","0","0"
"1400000US29510103600","Census Tract 1036, St. Louis city, Missouri","1329","1295","1183","77","12","19","0","4","34","30","7","12","10","0","1","0","0","0","0","0","0","0","0","0","0","4","3","0","0","0","0","0","0","1","0","0","0","0","0","0","0","0","0","0","0","0","0","0","0","0","0","0","0","0","0","0","0","0","0","0","0","0","0","0","0","0","0","0","0","0","0"
"1400000US29510103700","Census Tract 1037, St. Louis city, Missouri","2531","2480","2260","129","3","55","3","30","51","49","24","14","7","0","2","0","1","0","0","0","0","0","1","0","0","2","0","0","0","1","0","0","1","0","0","0","0","0","0","0","0","0","0","0","0","0","0","0","0","0","0","0","0","0","0","0","0","0","0","0","0","0","0","0","0","0","0","0","0","0","0"
"1400000US29510103800","Census Tract 1038, St. Louis city, Missouri","3819","3739","3536","115","7","54","0","27","80","75","31","15","10","2","6","9","1","0","0","0","0","0","1","0","0","5","5","0","0","0","0","0","0","0","0","0","0","0","0","0","0","0","0","0","0","0","0","0","0","0","0","0","0","0","0","0","0","0","0","0","0","0","0","0","0","0","0","0","0","0","0"
"1400000US29510104200","Census Tract 1042, St. Louis city, Missouri","3401","3330","2964","202","7","124","0","33","71","70","28","16","11","1","10","2","1","0","0","0","0","1","0","0","0","1","0","0","0","0","0","0","1","0","0","0","0","0","0","0","0","0","0","0","0","0","0","0","0","0","0","0","0","0","0","0","0","0","0","0","0","0","0","0","0","0","0","0","0","0","0"
"1400000US29510104500","Census Tract 1045, St. Louis city, Missouri","1846","1788","1423","249","4","94","0","18","58","57","27","5","10","0","5","1","2","0","0","4","0","0","0","3","0","1","0","1","0","0","0","0","0","0","0","0","0","0","0","0","0","0","0","0","0","0","0","0","0","0","0","0","0","0","0","0","0","0","0","0","0","0","0","0","0","0","0","0","0","0","0"
"1400000US29510105198","Census Tract 1051.98, St. Louis city, Missouri","3463","3374","2453","541","5","355","1","19","89","78","13","16","31","1","5","4","2","0","3","0","0","0","2","1","0","10","6","0","0","0","1","0","0","2","1","0","0","0","0","0","0","0","0","0","0","0","1","0","0","0","0","1","0","0","0","0","0","0","0","0","0","0","0","0","0","0","0","0","0","0","0"
"1400000US29510105200","Census Tract 1052, St. Louis city, Missouri","2675","2587","995","1388","18","169","4","13","88","81","25","8","21","0","4","17","1","1","3","0","0","0","0","1","0","4","3","1","0","0","0","0","0","0","0","0","0","0","0","0","0","0","0","0","0","0","2","0","0","2","0","0","0","0","0","0","0","0","0","0","0","0","1","0","0","0","1","0","0","0","0"
"1400000US29510105300","Census Tract 1053, St. Louis city, Missouri","2203","2148","133","1997","4","7","1","6","55","48","24","0","1","0","3","14","3","0","2","0","0","0","0","1","0","7","6","0","0","0","0","0","0","0","0","0","0","1","0","0","0","0","0","0","0","0","0","0","0","0","0","0","0","0","0","0","0","0","0","0","0","0","0","0","0","0","0","0","0","0","0"
"1400000US29510105400","Census Tract 1054, St. Louis city, Missouri","2507","2434","223","1973","6","60","0","172","73","65","26","0","13","0","4","6","3","2","9","0","0","1","0","1","0","8","6","0","0","0","0","0","0","0","0","0","1","0","0","0","1","0","0","0","0","0","0","0","0","0","0","0","0","0","0","0","0","0","0","0","0","0","0","0","0","0","0","0","0","0","0"
"1400000US29510105500","Census Tract 1055, St. Louis city, Missouri","2922","2856","83","2754","5","3","0","11","66","50","15","1","3","0","0","16","5","0","10","0","0","0","0","0","0","15","12","1","0","1","0","0","0","0","0","0","1","0","0","0","0","0","0","0","0","0","1","0","0","1","0","0","0","0","0","0","0","0","0","0","0","0","0","0","0","0","0","0","0","0","0"
"1400000US29510106100","Census Tract 1061, St. Louis city, Missouri","2427","2396","26","2360","6","2","1","1","31","23","7","1","1","0","0","12","1","0","0","0","0","1","0","0","0","7","7","0","0","0","0","0","0","0","0","0","0","0","0","0","0","0","0","0","0","0","1","0","0","1","0","0","0","0","0","0","0","0","0","0","0","0","0","0","0","0","0","0","0","0","0"
"1400000US29510106200","Census Tract 1062, St. Louis city, Missouri","1738","1707","18","1679","2","8","0","0","31","21","11","0","0","0","0","7","2","0","1","0","0","0","0","0","0","10","6","0","0","0","0","0","0","0","0","0","4","0","0","0","0","0","0","0","0","0","0","0","0","0","0","0","0","0","0","0","0","0","0","0","0","0","0","0","0","0","0","0","0","0","0"
"1400000US29510106300","Census Tract 1063, St. Louis city, Missouri","1966","1938","16","1914","4","1","0","3","28","25","8","2","0","0","0","8","7","0","0","0","0","0","0","0","0","3","1","0","0","0","0","0","0","0","0","0","2","0","0","0","0","0","0","0","0","0","0","0","0","0","0","0","0","0","0","0","0","0","0","0","0","0","0","0","0","0","0","0","0","0","0"
"1400000US29510106400","Census Tract 1064, St. Louis city, Missouri","2392","2356","22","2317","11","0","1","5","36","32","13","2","0","0","0","10","5","0","1","1","0","0","0","0","0","4","3","0","0","0","0","0","0","0","0","0","0","0","0","0","1","0","0","0","0","0","0","0","0","0","0","0","0","0","0","0","0","0","0","0","0","0","0","0","0","0","0","0","0","0","0"
"1400000US29510106500","Census Tract 1065, St. Louis city, Missouri","3267","3230","104","3112","12","2","0","0","37","35","13","2","0","0","0","13","4","0","3","0","0","0","0","0","0","2","1","0","0","1","0","0","0","0","0","0","0","0","0","0","0","0","0","0","0","0","0","0","0","0","0","0","0","0","0","0","0","0","0","0","0","0","0","0","0","0","0","0","0","0","0"
"1400000US29510106600","Census Tract 1066, St. Louis city, Missouri","1783","1766","15","1736","5","5","0","5","17","16","6","0","1","0","0","4","5","0","0","0","0","0","0","0","0","0","0","0","0","0","0","0","0","0","0","0","0","0","0","0","0","0","0","0","0","0","1","1","0","0","0","0","0","0","0","0","0","0","0","0","0","0","0","0","0","0","0","0","0","0","0"
"1400000US29510107400","Census Tract 1074, St. Louis city, Missouri","2788","2747","33","2693","5","2","0","14","41","32","6","0","1","0","0","12","2","6","1","0","0","0","0","4","0","9","7","0","0","0","0","0","0","0","0","0","2","0","0","0","0","0","0","0","0","0","0","0","0","0","0","0","0","0","0","0","0","0","0","0","0","0","0","0","0","0","0","0","0","0","0"
"1400000US29510106700","Census Tract 1067, St. Louis city, Missouri","3515","3440","50","3380","4","5","0","1","75","71","23","1","0","0","0","27","5","1","10","0","0","0","0","4","0","4","4","0","0","0","0","0","0","0","0","0","0","0","0","0","0","0","0","0","0","0","0","0","0","0","0","0","0","0","0","0","0","0","0","0","0","0","0","0","0","0","0","0","0","0","0"
"1400000US29510107200","Census Tract 1072, St. Louis city, Missouri","1342","1322","20","1302","0","0","0","0","20","12","3","0","0","0","0","6","3","0","0","0","0","0","0","0","0","3","3","0","0","0","0","0","0","0","0","0","0","0","0","0","0","0","0","0","0","0","1","0","1","0","0","0","0","0","0","0","0","0","0","0","0","0","4","4","0","0","0","0","0","0","0"
"1400000US29510107300","Census Tract 1073, St. Louis city, Missouri","4983","4933","54","4869","2","4","0","4","50","42","22","0","0","0","0","7","4","4","4","0","0","0","0","1","0","8","8","0","0","0","0","0","0","0","0","0","0","0","0","0","0","0","0","0","0","0","0","0","0","0","0","0","0","0","0","0","0","0","0","0","0","0","0","0","0","0","0","0","0","0","0"
"1400000US29510107500","Census Tract 1075, St. Louis city, Missouri","2711","2684","37","2639","4","0","3","1","27","27","12","5","1","0","0","6","0","0","3","0","0","0","0","0","0","0","0","0","0","0","0","0","0","0","0","0","0","0","0","0","0","0","0","0","0","0","0","0","0","0","0","0","0","0","0","0","0","0","0","0","0","0","0","0","0","0","0","0","0","0","0"
"1400000US29510107600","Census Tract 1076, St. Louis city, Missouri","2225","2210","7","2199","4","0","0","0","15","9","4","0","0","0","0","5","0","0","0","0","0","0","0","0","0","6","4","0","0","0","0","0","0","0","0","0","2","0","0","0","0","0","0","0","0","0","0","0","0","0","0","0","0","0","0","0","0","0","0","0","0","0","0","0","0","0","0","0","0","0","0"
"1400000US29510108100","Census Tract 1081, St. Louis city, Missouri","3403","3358","142","3197","3","2","1","13","45","42","23","0","0","0","0","17","2","0","0","0","0","0","0","0","0","3","3","0","0","0","0","0","0","0","0","0","0","0","0","0","0","0","0","0","0","0","0","0","0","0","0","0","0","0","0","0","0","0","0","0","0","0","0","0","0","0","0","0","0","0","0"
"1400000US29510108200","Census Tract 1082, St. Louis city, Missouri","2698","2686","99","2581","3","0","0","3","12","9","5","0","0","0","0","1","1","0","2","0","0","0","0","0","0","3","2","0","0","1","0","0","0","0","0","0","0","0","0","0","0","0","0","0","0","0","0","0","0","0","0","0","0","0","0","0","0","0","0","0","0","0","0","0","0","0","0","0","0","0","0"
"1400000US29510108300","Census Tract 1083, St. Louis city, Missouri","2267","2222","123","2090","2","0","0","7","45","31","24","0","0","0","0","4","3","0","0","0","0","0","0","0","0","12","12","0","0","0","0","0","0","0","0","0","0","0","0","0","0","0","0","0","0","0","2","2","0","0","0","0","0","0","0","0","0","0","0","0","0","0","0","0","0","0","0","0","0","0","0"
"1400000US29510109600","Census Tract 1096, St. Louis city, Missouri","3316","3269","16","3238","10","2","1","2","47","41","19","0","0","0","0","14","3","1","4","0","0","0","0","0","0","6","6","0","0","0","0","0","0","0","0","0","0","0","0","0","0","0","0","0","0","0","0","0","0","0","0","0","0","0","0","0","0","0","0","0","0","0","0","0","0","0","0","0","0","0","0"
"1400000US29510109700","Census Tract 1097, St. Louis city, Missouri","2487","2441","115","2297","11","14","0","4","46","37","20","4","0","0","0","4","3","0","4","0","0","0","0","2","0","9","8","0","0","1","0","0","0","0","0","0","0","0","0","0","0","0","0","0","0","0","0","0","0","0","0","0","0","0","0","0","0","0","0","0","0","0","0","0","0","0","0","0","0","0","0"
"1400000US29510110100","Census Tract 1101, St. Louis city, Missouri","2984","2942","34","2887","5","1","0","15","42","32","9","0","0","0","0","18","2","0","2","0","0","0","0","1","0","10","1","0","0","2","0","0","0","0","0","0","0","0","0","1","6","0","0","0","0","0","0","0","0","0","0","0","0","0","0","0","0","0","0","0","0","0","0","0","0","0","0","0","0","0","0"
"1400000US29510110200","Census Tract 1102, St. Louis city, Missouri","2654","2600","44","2537","7","4","0","8","54","53","11","0","0","0","0","26","1","5","10","0","0","0","0","0","0","1","0","0","0","0","0","0","0","0","0","0","0","0","0","1","0","0","0","0","0","0","0","0","0","0","0","0","0","0","0","0","0","0","0","0","0","0","0","0","0","0","0","0","0","0","0"
"1400000US29510110300","Census Tract 1103, St. Louis city, Missouri","2483","2440","20","2414","4","0","0","2","43","32","15","0","0","0","0","8","1","1","7","0","0","0","0","0","0","10","2","0","4","1","0","0","0","0","0","0","0","0","0","3","0","0","0","0","0","0","0","0","0","0","0","0","0","0","0","0","0","0","0","0","0","0","1","1","0","0","0","0","0","0","0"
"1400000US29510110400","Census Tract 1104, St. Louis city, Missouri","2539","2502","35","2456","8","0","0","3","37","31","9","7","0","0","0","10","0","4","1","0","0","0","0","0","0","5","5","0","0","0","0","0","0","0","0","0","0","0","0","0","0","0","0","0","0","0","1","0","0","1","0","0","0","0","0","0","0","0","0","0","0","0","0","0","0","0","0","0","0","0","0"
"1400000US29510110500","Census Tract 1105, St. Louis city, Missouri","1562","1544","30","1510","2","0","0","2","18","17","6","0","0","0","0","3","6","1","1","0","0","0","0","0","0","1","1","0","0","0","0","0","0","0","0","0","0","0","0","0","0","0","0","0","0","0","0","0","0","0","0","0","0","0","0","0","0","0","0","0","0","0","0","0","0","0","0","0","0","0","0"
"1400000US29510111100","Census Tract 1111, St. Louis city, Missouri","1556","1522","46","1465","1","3","0","7","34","27","11","0","0","0","2","10","0","0","4","0","0","0","0","0","0","5","3","1","0","0","0","0","0","0","0","0","0","0","0","1","0","0","0","0","0","0","2","1","0","0","1","0","0","0","0","0","0","0","0","0","0","0","0","0","0","0","0","0","0","0","0"
"1400000US29510111200","Census Tract 1112, St. Louis city, Missouri","1276","1265","77","1185","1","1","0","1","11","6","0","0","0","0","0","6","0","0","0","0","0","0","0","0","0","5","5","0","0","0","0","0","0","0","0","0","0","0","0","0","0","0","0","0","0","0","0","0","0","0","0","0","0","0","0","0","0","0","0","0","0","0","0","0","0","0","0","0","0","0","0"
"1400000US29510111300","Census Tract 1113, St. Louis city, Missouri","1554","1532","13","1516","3","0","0","0","22","21","3","2","0","0","0","12","3","1","0","0","0","0","0","0","0","1","0","0","0","0","0","0","0","0","0","1","0","0","0","0","0","0","0","0","0","0","0","0","0","0","0","0","0","0","0","0","0","0","0","0","0","0","0","0","0","0","0","0","0","0","0"
"1400000US29510111400","Census Tract 1114, St. Louis city, Missouri","1643","1631","16","1608","1","1","0","5","12","6","0","1","0","0","0","3","0","0","2","0","0","0","0","0","0","6","6","0","0","0","0","0","0","0","0","0","0","0","0","0","0","0","0","0","0","0","0","0","0","0","0","0","0","0","0","0","0","0","0","0","0","0","0","0","0","0","0","0","0","0","0"
"1400000US29510111500","Census Tract 1115, St. Louis city, Missouri","1010","995","23","966","1","4","0","1","15","9","2","0","0","0","0","7","0","0","0","0","0","0","0","0","0","6","5","0","0","0","0","0","0","1","0","0","0","0","0","0","0","0","0","0","0","0","0","0","0","0","0","0","0","0","0","0","0","0","0","0","0","0","0","0","0","0","0","0","0","0","0"
"1400000US29510112100","Census Tract 1121, St. Louis city, Missouri","4285","4183","2809","1055","10","275","1","33","102","101","22","20","35","0","3","8","5","0","0","2","0","0","0","6","0","1","1","0","0","0","0","0","0","0","0","0","0","0","0","0","0","0","0","0","0","0","0","0","0","0","0","0","0","0","0","0","0","0","0","0","0","0","0","0","0","0","0","0","0","0","0"
"1400000US29510112200","Census Tract 1122, St. Louis city, Missouri","1586","1560","54","1501","2","2","0","1","26","25","5","3","0","0","0","7","5","0","5","0","0","0","0","0","0","1","1","0","0","0","0","0","0","0","0","0","0","0","0","0","0","0","0","0","0","0","0","0","0","0","0","0","0","0","0","0","0","0","0","0","0","0","0","0","0","0","0","0","0","0","0"
"1400000US29510112300","Census Tract 1123, St. Louis city, Missouri","2415","2380","26","2334","8","2","0","10","35","34","14","0","1","1","0","8","0","0","2","0","0","0","7","0","1","1","0","1","0","0","0","0","0","0","0","0","0","0","0","0","0","0","0","0","0","0","0","0","0","0","0","0","0","0","0","0","0","0","0","0","0","0","0","0","0","0","0","0","0","0","0"
"1400000US29510112400","Census Tract 1124, St. Louis city, Missouri","4023","3919","2741","645","5","516","0","12","104","94","12","11","51","3","3","3","2","0","0","0","0","0","6","3","0","10","6","0","0","0","3","0","0","1","0","0","0","0","0","0","0","0","0","0","0","0","0","0","0","0","0","0","0","0","0","0","0","0","0","0","0","0","0","0","0","0","0","0","0","0","0"
"1400000US29510113500","Census Tract 1135, St. Louis city, Missouri","2331","2298","2200","65","5","20","1","7","33","31","17","6","4","0","2","2","0","0","0","0","0","0","0","0","0","1","1","0","0","0","0","0","0","0","0","0","0","0","0","0","0","0","0","0","0","0","1","1","0","0","0","0","0","0","0","0","0","0","0","0","0","0","0","0","0","0","0","0","0","0","0"
"1400000US29510114101","Census Tract 1141.01, St. Louis city, Missouri","4281","4154","3060","832","15","157","2","88","127","112","32","17","34","5","9","12","0","0","2","0","0","0","0","1","0","10","9","0","0","0","0","0","0","0","0","0","0","0","0","0","0","1","0","0","0","0","5","0","0","0","0","5","0","0","0","0","0","0","0","0","0","0","0","0","0","0","0","0","0","0","0"
"1400000US29510114102","Census Tract 1141.02, St. Louis city, Missouri","4128","4076","3871","129","5","63","1","7","52","49","12","14","18","0","3","0","0","0","0","2","0","0","0","0","0","3","3","0","0","0","0","0","0","0","0","0","0","0","0","0","0","0","0","0","0","0","0","0","0","0","0","0","0","0","0","0","0","0","0","0","0","0","0","0","0","0","0","0","0","0","0"
"1400000US29510114200","Census Tract 1142, St. Louis city, Missouri","4721","4612","3949","433","9","168","0","53","109","100","19","19","37","0","15","1","2","1","2","2","0","0","0","2","0","7","6","0","0","0","1","0","0","0","0","0","0","0","0","0","0","0","0","0","0","0","1","1","0","0","0","0","0","0","0","0","0","0","0","0","0","0","1","1","0","0","0","0","0","0","0"
"1400000US29510114300","Census Tract 1143, St. Louis city, Missouri","5485","5398","4914","312","14","104","1","53","87","83","38","12","24","1","2","3","0","0","1","0","0","0","1","1","0","3","2","0","0","0","1","0","0","0","0","0","0","0","0","0","0","0","0","0","0","0","1","1","0","0","0","0","0","0","0","0","0","0","0","0","0","0","0","0","0","0","0","0","0","0","0"
"1400000US29510115100","Census Tract 1151, St. Louis city, Missouri","4287","4092","3221","589","18","126","2","136","195","172","45","33","52","12","16","1","1","4","6","0","0","0","0","2","0","22","6","0","0","11","1","1","1","2","0","0","0","0","0","0","0","0","0","0","0","0","1","1","0","0","0","0","0","0","0","0","0","0","0","0","0","0","0","0","0","0","0","0","0","0","0"
"1400000US29510115200","Census Tract 1152, St. Louis city, Missouri","3149","3006","1635","981","8","250","2","130","143","134","44","8","29","1","22","8","6","0","0","11","0","0","0","5","0","8","3","0","0","4","0","0","0","0","0","0","0","0","1","0","0","0","0","0","0","0","1","0","0","1","0","0","0","0","0","0","0","0","0","0","0","0","0","0","0","0","0","0","0","0","0"
"1400000US29510115300","Census Tract 1153, St. Louis city, Missouri","4958","4793","2697","1350","24","531","0","191","165","157","52","9","57","0","16","5","2","0","13","1","0","0","0","2","0","8","3","2","0","0","1","0","1","1","0","0","0","0","0","0","0","0","0","0","0","0","0","0","0","0","0","0","0","0","0","0","0","0","0","0","0","0","0","0","0","0","0","0","0","0","0"
"1400000US29510115400","Census Tract 1154, St. Louis city, Missouri","3122","2995","2241","509","5","102","0","138","127","122","41","10","43","5","18","3","0","1","0","0","0","0","0","1","0","5","2","0","0","0","0","0","0","0","0","3","0","0","0","0","0","0","0","0","0","0","0","0","0","0","0","0","0","0","0","0","0","0","0","0","0","0","0","0","0","0","0","0","0","0","0"
"1400000US29510115500","Census Tract 1155, St. Louis city, Missouri","5625","5412","2228","2899","15","81","2","187","213","197","96","24","34","0","11","13","3","8","4","0","2","0","2","0","0","15","10","0","0","1","3","0","1","0","0","0","0","0","0","0","0","0","0","0","0","0","1","1","0","0","0","0","0","0","0","0","0","0","0","0","0","0","0","0","0","0","0","0","0","0","0"
"1400000US29510115600","Census Tract 1156, St. Louis city, Missouri","5279","5099","2409","2356","24","131","3","176","180","141","68","24","9","0","10","15","2","1","3","0","0","1","1","2","5","39","38","0","0","0","0","0","0","0","0","0","0","0","0","0","0","1","0","0","0","0","0","0","0","0","0","0","0","0","0","0","0","0","0","0","0","0","0","0","0","0","0","0","0","0","0"
"1400000US29510115700","Census Tract 1157, St. Louis city, Missouri","3567","3447","1245","1927","13","170","0","92","120","110","67","9","12","6","6","7","0","1","1","0","0","0","0","0","1","10","8","0","0","0","0","0","0","1","0","0","0","0","1","0","0","0","0","0","0","0","0","0","0","0","0","0","0","0","0","0","0","0","0","0","0","0","0","0","0","0","0","0","0","0","0"
"1400000US29510116100","Census Tract 1161, St. Louis city, Missouri","3274","3140","1553","1027","6","378","1","175","134","129","41","17","34","1","12","8","2","0","2","0","0","2","2","8","0","5","3","0","0","0","0","0","0","0","0","0","0","0","1","0","0","1","0","0","0","0","0","0","0","0","0","0","0","0","0","0","0","0","0","0","0","0","0","0","0","0","0","0","0","0","0"
"1400000US29510116200","Census Tract 1162, St. Louis city, Missouri","4325","4176","2780","1190","13","141","0","52","149","142","62","15","54","1","3","6","0","0","0","0","0","0","0","1","0","7","1","1","0","1","0","0","0","4","0","0","0","0","0","0","0","0","0","0","0","0","0","0","0","0","0","0","0","0","0","0","0","0","0","0","0","0","0","0","0","0","0","0","0","0","0"
"1400000US29510116301","Census Tract 1163.01, St. Louis city, Missouri","2999","2905","1965","642","9","248","3","38","94","84","34","15","25","1","2","3","0","0","2","1","0","0","0","1","0","9","5","1","0","2","1","0","0","0","0","0","0","0","0","0","0","0","0","0","0","0","1","0","0","0","1","0","0","0","0","0","0","0","0","0","0","0","0","0","0","0","0","0","0","0","0"
"1400000US29510116302","Census Tract 1163.02, St. Louis city, Missouri","3007","2868","814","1376","15","511","0","152","139","132","27","12","45","0","13","12","2","4","6","2","0","0","0","9","0","7","4","0","0","0","0","0","0","0","1","0","0","0","2","0","0","0","0","0","0","0","0","0","0","0","0","0","0","0","0","0","0","0","0","0","0","0","0","0","0","0","0","0","0","0","0"
"1400000US29510116400","Census Tract 1164, St. Louis city, Missouri","4891","4681","1215","3050","15","236","1","164","210","182","83","16","21","0","33","11","7","4","3","3","0","0","0","1","0","26","7","1","0","1","0","0","1","0","0","0","14","0","1","0","1","0","0","0","0","0","2","0","0","2","0","0","0","0","0","0","0","0","0","0","0","0","0","0","0","0","0","0","0","0","0"
"1400000US29510116500","Census Tract 1165, St. Louis city, Missouri","3844","3741","1649","1752","10","221","0","109","103","95","44","16","15","0","8","4","7","0","1","0","0","0","0","0","0","8","3","0","0","1","0","1","0","0","1","0","1","0","0","1","0","0","0","0","0","0","0","0","0","0","0","0","0","0","0","0","0","0","0","0","0","0","0","0","0","0","0","0","0","0","0"
"1400000US29510117100","Census Tract 1171, St. Louis city, Missouri","1537","1477","1076","356","3","26","3","13","60","53","16","6","12","0","5","8","1","2","2","1","0","0","0","0","0","7","3","1","0","0","3","0","0","0","0","0","0","0","0","0","0","0","0","0","0","0","0","0","0","0","0","0","0","0","0","0","0","0","0","0","0","0","0","0","0","0","0","0","0","0","0"
"1400000US29510117200","Census Tract 1172, St. Louis city, Missouri","5359","5177","2517","2521","12","78","1","48","182","159","70","23","27","0","2","22","1","1","9","0","0","0","0","4","0","22","11","7","0","1","1","1","1","0","0","0","0","0","0","0","0","0","0","0","0","0","1","1","0","0","0","0","0","0","0","0","0","0","0","0","0","0","0","0","0","0","0","0","0","0","0"
"1400000US29510117400","Census Tract 1174, St. Louis city, Missouri","4235","4117","2404","1569","11","94","2","37","118","110","50","8","19","1","7","14","2","4","5","0","0","0","0","0","0","8","8","0","0","0","0","0","0","0","0","0","0","0","0","0","0","0","0","0","0","0","0","0","0","0","0","0","0","0","0","0","0","0","0","0","0","0","0","0","0","0","0","0","0","0","0"
"1400000US29510118100","Census Tract 1181, St. Louis city, Missouri","1324","1287","355","903","4","12","0","13","37","32","20","2","5","0","0","2","3","0","0","0","0","0","0","0","0","5","5","0","0","0","0","0","0","0","0","0","0","0","0","0","0","0","0","0","0","0","0","0","0","0","0","0","0","0","0","0","0","0","0","0","0","0","0","0","0","0","0","0","0","0","0"
"1400000US29510118400","Census Tract 1184, St. Louis city, Missouri","1159","1128","728","297","2","91","0","10","31","29","4","6","4","0","3","3","2","5","1","1","0","0","0","0","0","2","1","0","0","0","1","0","0","0","0","0","0","0","0","0","0","0","0","0","0","0","0","0","0","0","0","0","0","0","0","0","0","0","0","0","0","0","0","0","0","0","0","0","0","0","0"
"1400000US29510118600","Census Tract 1186, St. Louis city, Missouri","3421","3366","1635","1406","5","281","4","35","55","51","15","3","16","0","4","6","4","0","1","0","0","0","0","2","0","4","4","0","0","0","0","0","0","0","0","0","0","0","0","0","0","0","0","0","0","0","0","0","0","0","0","0","0","0","0","0","0","0","0","0","0","0","0","0","0","0","0","0","0","0","0"
"1400000US29510119101","Census Tract 1191.01, St. Louis city, Missouri","2584","2526","1346","873","6","292","0","9","58","52","16","5","12","0","4","5","5","2","1","1","0","0","0","1","0","6","2","0","0","0","2","0","0","2","0","0","0","0","0","0","0","0","0","0","0","0","0","0","0","0","0","0","0","0","0","0","0","0","0","0","0","0","0","0","0","0","0","0","0","0","0"
"1400000US29510119102","Census Tract 1191.02, St. Louis city, Missouri","2994","2936","1913","643","4","350","1","25","58","53","12","6","19","2","3","3","3","0","0","0","0","0","2","3","0","5","3","1","0","0","0","0","0","1","0","0","0","0","0","0","0","0","0","0","0","0","0","0","0","0","0","0","0","0","0","0","0","0","0","0","0","0","0","0","0","0","0","0","0","0","0"
"1400000US29510119200","Census Tract 1192, St. Louis city, Missouri","1703","1660","623","966","6","56","0","9","43","41","10","1","12","0","0","13","3","0","0","0","0","0","0","2","0","2","1","0","0","1","0","0","0","0","0","0","0","0","0","0","0","0","0","0","0","0","0","0","0","0","0","0","0","0","0","0","0","0","0","0","0","0","0","0","0","0","0","0","0","0","0"
"1400000US29510119300","Census Tract 1193, St. Louis city, Missouri","5454","5368","3313","1272","9","732","3","39","86","80","14","9","26","2","10","3","3","0","6","1","0","1","0","5","0","6","4","0","0","0","1","0","0","1","0","0","0","0","0","0","0","0","0","0","0","0","0","0","0","0","0","0","0","0","0","0","0","0","0","0","0","0","0","0","0","0","0","0","0","0","0"
"1400000US29510120200","Census Tract 1202, St. Louis city, Missouri","1271","1258","121","1129","0","6","0","2","13","13","4","0","0","0","0","1","1","0","7","0","0","0","0","0","0","0","0","0","0","0","0","0","0","0","0","0","0","0","0","0","0","0","0","0","0","0","0","0","0","0","0","0","0","0","0","0","0","0","0","0","0","0","0","0","0","0","0","0","0","0","0"
"1400000US29510121100","Census Tract 1211, St. Louis city, Missouri","1941","1912","267","1615","3","26","0","1","29","29","10","4","3","0","2","7","1","0","1","0","0","0","0","1","0","0","0","0","0","0","0","0","0","0","0","0","0","0","0","0","0","0","0","0","0","0","0","0","0","0","0","0","0","0","0","0","0","0","0","0","0","0","0","0","0","0","0","0","0","0","0"
"1400000US29510123300","Census Tract 1233, St. Louis city, Missouri","2586","2511","1681","776","7","27","0","20","75","70","23","26","12","1","3","2","1","0","1","0","0","1","0","0","0","5","3","0","0","0","0","0","2","0","0","0","0","0","0","0","0","0","0","0","0","0","0","0","0","0","0","0","0","0","0","0","0","0","0","0","0","0","0","0","0","0","0","0","0","0","0"
"1400000US29510121200","Census Tract 1212, St. Louis city, Missouri","2474","2446","19","2410","4","2","1","10","28","26","7","0","3","0","0","7","1","3","4","1","0","0","0","0","0","2","2","0","0","0","0","0","0","0","0","0","0","0","0","0","0","0","0","0","0","0","0","0","0","0","0","0","0","0","0","0","0","0","0","0","0","0","0","0","0","0","0","0","0","0","0"
"1400000US29510123100","Census Tract 1231, St. Louis city, Missouri","3351","3276","964","2199","9","42","0","62","75","71","50","2","7","1","0","6","3","0","1","0","0","1","0","0","0","4","1","0","0","2","0","0","1","0","0","0","0","0","0","0","0","0","0","0","0","0","0","0","0","0","0","0","0","0","0","0","0","0","0","0","0","0","0","0","0","0","0","0","0","0","0"
"1400000US29510123200","Census Tract 1232, St. Louis city, Missouri","2298","2216","1374","791","5","34","0","12","82","58","17","10","7","0","7","10","6","0","1","0","0","0","0","0","0","23","12","3","0","0","8","0","0","0","0","0","0","0","0","0","0","0","0","0","0","0","1","1","0","0","0","0","0","0","0","0","0","0","0","0","0","0","0","0","0","0","0","0","0","0","0"
"1400000US29510124100","Census Tract 1241, St. Louis city, Missouri","4644","4488","1060","3213","18","66","0","131","156","118","52","10","6","1","20","19","2","1","7","0","0","0","0","0","0","31","26","0","0","1","0","0","0","0","0","0","0","1","1","0","2","0","0","0","0","0","6","6","0","0","0","0","0","0","0","0","0","0","0","0","0","0","1","1","0","0","0","0","0","0","0"
"1400000US29510124200","Census Tract 1242, St. Louis city, Missouri","3201","3027","938","1855","2","59","1","172","174","148","69","16","5","0","17","21","3","0","14","1","0","0","0","1","1","26","20","3","0","2","0","0","0","0","0","1","0","0","0","0","0","0","0","0","0","0","0","0","0","0","0","0","0","0","0","0","0","0","0","0","0","0","0","0","0","0","0","0","0","0","0"
"1400000US29510124300","Census Tract 1243, St. Louis city, Missouri","3131","2996","2034","866","10","30","1","55","135","119","46","16","14","0","11","14","10","1","4","0","0","3","0","0","0","16","7","5","0","0","0","0","1","2","1","0","0","0","0","0","0","0","0","0","0","0","0","0","0","0","0","0","0","0","0","0","0","0","0","0","0","0","0","0","0","0","0","0","0","0","0"
"1400000US29510124600","Census Tract 1246, St. Louis city, Missouri","1845","1795","578","1144","2","34","1","36","50","50","32","9","0","0","1","3","1","0","4","0","0","0","0","0","0","0","0","0","0","0","0","0","0","0","0","0","0","0","0","0","0","0","0","0","0","0","0","0","0","0","0","0","0","0","0","0","0","0","0","0","0","0","0","0","0","0","0","0","0","0","0"
"1400000US29510125500","Census Tract 1255, St. Louis city, Missouri","2885","2832","1738","929","9","126","0","30","53","50","10","3","9","2","2","9","3","0","4","0","0","1","3","3","1","3","3","0","0","0","0","0","0","0","0","0","0","0","0","0","0","0","0","0","0","0","0","0","0","0","0","0","0","0","0","0","0","0","0","0","0","0","0","0","0","0","0","0","0","0","0"
"1400000US29510125600","Census Tract 1256, St. Louis city, Missouri","4113","4009","2012","1729","19","206","2","41","104","91","22","7","21","1","4","18","3","0","10","0","0","2","1","2","0","12","10","1","0","1","0","0","0","0","0","0","0","0","0","0","0","0","0","0","0","0","1","0","1","0","0","0","0","0","0","0","0","0","0","0","0","0","0","0","0","0","0","0","0","0","0"
"1400000US29510125700","Census Tract 1257, St. Louis city, Missouri","3329","3294","59","3210","12","8","0","5","35","29","14","1","0","0","0","4","6","0","4","0","0","0","0","0","0","5","4","1","0","0","0","0","0","0","0","0","0","0","0","0","0","0","0","0","0","0","1","1","0","0","0","0","0","0","0","0","0","0","0","0","0","0","0","0","0","0","0","0","0","0","0"
"1400000US29510126600","Census Tract 1266, St. Louis city, Missouri","3543","3488","663","2776","20","12","1","16","55","46","18","2","5","0","1","8","5","5","2","0","0","0","0","0","0","3","2","0","0","0","0","0","0","1","0","0","0","0","0","0","0","0","0","0","0","0","5","0","0","3","2","0","0","0","0","0","0","0","0","0","0","0","1","0","0","0","1","0","0","0","0"
"1400000US29510126700","Census Tract 1267, St. Louis city, Missouri","1258","1237","284","946","2","3","0","2","21","18","9","5","0","0","0","2","2","0","0","0","0","0","0","0","0","3","2","1","0","0","0","0","0","0","0","0","0","0","0","0","0","0","0","0","0","0","0","0","0","0","0","0","0","0","0","0","0","0","0","0","0","0","0","0","0","0","0","0","0","0","0"
"1400000US29510126800","Census Tract 1268, St. Louis city, Missouri","3698","3579","3081","356","16","66","1","59","119","115","47","14","22","0","21","2","7","0","1","0","0","0","0","1","0","4","2","0","0","1","0","0","0","0","0","0","0","0","1","0","0","0","0","0","0","0","0","0","0","0","0","0","0","0","0","0","0","0","0","0","0","0","0","0","0","0","0","0","0","0","0"
"1400000US29510126900","Census Tract 1269, St. Louis city, Missouri","5016","4963","52","4878","7","3","5","18","53","45","23","0","0","0","1","5","11","0","3","0","0","0","0","2","0","8","7","0","0","1","0","0","0","0","0","0","0","0","0","0","0","0","0","0","0","0","0","0","0","0","0","0","0","0","0","0","0","0","0","0","0","0","0","0","0","0","0","0","0","0","0"
"1400000US29510127000","Census Tract 1270, St. Louis city, Missouri","2470","2455","349","1967","3","6","0","130","15","11","7","0","1","0","0","1","2","0","0","0","0","0","0","0","0","4","3","0","0","0","0","0","0","0","0","0","0","0","0","0","1","0","0","0","0","0","0","0","0","0","0","0","0","0","0","0","0","0","0","0","0","0","0","0","0","0","0","0","0","0","0"
"1400000US29510127100","Census Tract 1271, St. Louis city, Missouri","2234","2194","60","2131","3","0","0","0","40","38","17","0","0","0","0","13","5","2","0","0","0","0","0","1","0","2","1","1","0","0","0","0","0","0","0","0","0","0","0","0","0","0","0","0","0","0","0","0","0","0","0","0","0","0","0","0","0","0","0","0","0","0","0","0","0","0","0","0","0","0","0"
"1400000US29510127200","Census Tract 1272, St. Louis city, Missouri","4075","3992","3100","651","12","195","0","34","83","78","27","13","21","0","1","1","6","0","1","0","0","0","1","7","0","4","1","2","0","0","0","0","0","0","0","0","0","0","1","0","0","0","0","0","0","0","1","0","0","1","0","0","0","0","0","0","0","0","0","0","0","0","0","0","0","0","0","0","0","0","0"
"1400000US29510127300","Census Tract 1273, St. Louis city, Missouri","3769","3680","1040","2523","10","86","0","21","89","81","36","3","15","2","5","9","2","1","7","0","0","0","1","0","0","8","6","0","0","0","0","0","0","2","0","0","0","0","0","0","0","0","0","0","0","0","0","0","0","0","0","0","0","0","0","0","0","0","0","0","0","0","0","0","0","0","0","0","0","0","0"
"1400000US29510127400","Census Tract 1274, St. Louis city, Missouri","4795","4722","1206","3438","8","48","1","21","73","68","28","3","15","1","0","8","4","1","6","0","0","0","0","0","2","2","2","0","0","0","0","0","0","0","0","0","0","0","0","0","0","0","0","0","0","0","3","0","0","3","0","0","0","0","0","0","0","0","0","0","0","0","0","0","0","0","0","0","0","0","0"
"1400000US29510127500","Census Tract 1275, St. Louis city, Missouri","2237","2199","521","1649","1","21","1","6","38","34","11","3","2","0","1","8","4","0","4","1","0","0","0","0","0","4","3","0","0","0","0","0","0","0","1","0","0","0","0","0","0","0","0","0","0","0","0","0","0","0","0","0","0","0","0","0","0","0","0","0","0","0","0","0","0","0","0","0","0","0","0"
"1400000US29510127600","Census Tract 1276, St. Louis city, Missouri","3239","3158","2440","668","6","32","0","12","81","71","21","15","13","2","3","11","2","0","4","0","0","0","0","0","0","10","5","0","0","2","0","0","0","0","0","0","1","0","0","1","1","0","0","0","0","0","0","0","0","0","0","0","0","0","0","0","0","0","0","0","0","0","0","0","0","0","0","0","0","0","0"
